{
  "coefficients": [
    9.836665938620229,
    7.578651490152855,
    7.1065378956597645,
    5.101552545848347,
    3.281828344198616,
    5.049238794945358,
    3.205146786716884,
    1.7091839093016379,
    0.026087759351061352,
    0.026087759351061352,
    0.026087759351061352,
    0.026087759351061352,
    0.026087759351061352,
    0.026087759351061352,
    0.026087759351061352,
    0.026087759351061352,
    0.08886683350753248,
    0.2108715815875759,
    0.40845921866571816,
    0.26304041823200225
  ],
  "intercept": -21.75393271529241,
  "top4_cross_pillar_indices": [
    107,
    105,
    111,
    101
  ],
  "metrics": {
    "auc": 0.8283717330803824,
    "accuracy": 0.7443333333333333
  }
}