{
  "P1": {
    "avg_monthly_income_norm": 0.07486460656259955,
    "income_stability_cv": 0.03647658489964957,
    "income_growth_slope": 0.05511309334182861,
    "income_months_active": 0.04794520547945205,
    "income_platform_verified_ratio": 0.03966231283848359,
    "income_seasonality_amplitude": 0.030742274609748328,
    "income_source_diversity": 0.07741318891366678,
    "income_bank_deposit_match_ratio": 0.08028034405861739,
    "income_lowest_to_avg_ratio": 0.07884676648614208,
    "income_last_3_vs_prev_3": 0.0810767760433259,
    "income_zero_month_count": 0.0805989168525008,
    "income_irregular_spike_count": 0.08569608155463523,
    "income_state_percentile_rank": 0.07900605288308378,
    "income_debt_stress_index": 0.030423701815864925,
    "debt_vulnerability_score": 0.030582988212806625,
    "income_emi_coverage": 0.017362217266645427,
    "income_trend_vs_debt_trend": 0.07390888818094934
  },
  "P2": {
    "utility_ontime_ratio": 0.019705211743712425,
    "emi_ontime_ratio": 0.02448565699160099,
    "bounce_count_norm": 0.019464001059532166,
    "late_payment_frequency": 0.07408323884010315,
    "payment_regularity_streak": 0.021575355902314186,
    "rent_ontime_ratio": 0.026602162048220634,
    "credit_card_min_payment_rate": 0.02186206728219986,
    "p2p_repayment_ratio": 0.030061781406402588,
    "utility_advance_payment_ratio": 0.02784794569015503,
    "late_fee_incidence_norm": 0.07638004422187805,
    "payment_channel_digital_ratio": 0.02145245671272278,
    "emi_prepayment_count_norm": 0.02695421874523163,
    "missed_payment_recovery_speed": 0.031032094731926918,
    "standing_instruction_success_rate": 0.030001988634467125,
    "payment_amount_consistency": 0.02386084571480751,
    "consistent_earning_payment_streak": 0.13734842836856842,
    "income_payment_trend_alignment": 0.032361771911382675,
    "platform_payment_reliability": 0.3175255358219147,
    "income_floor_payment_consistency": 0.03739524260163307
  },
  "P3": {
    "emi_to_income_ratio": 0.09757668524980545,
    "debt_count_norm": 0.0578724630177021,
    "outstanding_debt_to_income_ratio": 0.09916553646326065,
    "debt_repayment_progress_ratio": 0.06577745079994202,
    "mfi_loan_presence": 0.0732095018029213,
    "informal_debt_ratio": 0.09723339974880219,
    "debt_stacking_indicator": 0.08684403449296951,
    "debt_service_coverage_ratio": 0.0754784643650055,
    "debt_consolidation_behavior": 0.070110023021698,
    "income_debt_stress_index": 0.13393926620483398,
    "debt_vulnerability_score": 0.0506729893386364,
    "income_emi_coverage": 0.0,
    "income_trend_vs_debt_trend": 0.09212018549442291
  },
  "P4": {
    "avg_month_end_balance_norm": 0.07494808382103077,
    "savings_rate": 0.07683594487445725,
    "balance_growth_slope": 0.047951670757032286,
    "savings_consistency_score": 0.0819331697187087,
    "emergency_fund_months": 0.07589201434774401,
    "recurring_savings_deposit_indicator": 0.07891259203322636,
    "balance_volatility_norm": 0.0,
    "withdrawal_pattern_regularity": 0.08117802529733811,
    "savings_to_debt_ratio": 0.07041721729280725,
    "digital_wallet_balance_norm": 0.07324900887294696,
    "surplus_after_obligations_ratio": 0.04606380970360582,
    "savings_goal_consistency": 0.07532565603171607,
    "payment_savings_alignment": 0.05644704549745139,
    "buffer_payment_composite": 0.07287143666226166,
    "digital_savings_discipline": 0.012648669057957335,
    "financial_shock_resistance": 0.07532565603171607
  },
  "P6": {
    "health_insurance_active": 0.032841559865434786,
    "life_insurance_active": 0.030531856429136358,
    "vehicle_insurance_active": 0.05982702890950709,
    "crop_insurance_active": 0.2587060636229503,
    "accident_coverage_active": 0.0498190525949471,
    "pm_sym_enrollment": 0.04694695411002697,
    "total_insurance_count_norm": 0.04899460627610517,
    "insurance_premium_regularity": 0.06878578069164384,
    "medical_expense_ratio": 0.050490125867035156,
    "financial_shock_recovery": 0.022656567744948182,
    "liquid_asset_to_income": 0.05554412574289209,
    "financial_shock_resistance": 0.026989738308462626,
    "resilience_debt_mismatch": 0.0059541702292692416,
    "insurance_income_anchor": 0.24191236960764104
  }
}